{"cameraMode":{"drawMode":0,"name":"Shaded","section":"Shading Mode"},"sceneLighting":false,"audioPlay":false,"sceneViewState":{"m_AlwaysRefresh":false,"showFog":true,"showSkybox":false,"showFlares":true,"showImageEffects":true,"showParticleSystems":true,"showVisualEffectGraphs":true,"m_FxEnabled":true},"in2DMode":false,"pivot":{"x":-1.000413417816162,"y":-0.17877814173698426,"z":0.11416596174240112},"rotation":{"x":-0.11906930804252625,"y":0.8598975539207459,"z":-0.2338223159313202,"w":-0.43787986040115359},"size":1.2106502056121827,"orthographic":false}