{"cameraMode":{"drawMode":0,"name":"Shaded","section":"Shading Mode"},"sceneLighting":false,"audioPlay":false,"sceneViewState":{"m_AlwaysRefresh":false,"showFog":true,"showSkybox":false,"showFlares":true,"showImageEffects":true,"showParticleSystems":true,"showVisualEffectGraphs":true,"m_FxEnabled":true},"in2DMode":false,"pivot":{"x":-0.0025872960686683656,"y":0.23122656345367433,"z":0.011652663350105286},"rotation":{"x":0.06885421276092529,"y":-0.9204918742179871,"z":0.3348569869995117,"w":0.18927393853664399},"size":1.5106501579284669,"orthographic":false}