{"cameraMode":{"drawMode":0,"name":"Shaded","section":"Shading Mode"},"sceneLighting":false,"audioPlay":false,"sceneViewState":{"m_AlwaysRefresh":false,"showFog":true,"showSkybox":false,"showFlares":true,"showImageEffects":true,"showParticleSystems":true,"showVisualEffectGraphs":true,"m_FxEnabled":true},"in2DMode":false,"pivot":{"x":-0.5253507494926453,"y":0.24000945687294007,"z":0.2063812017440796},"rotation":{"x":0.12065111845731735,"y":-0.7939067482948303,"z":0.16747060418128968,"w":0.5719416737556458},"size":1.5106501579284669,"orthographic":false}