{"cameraMode":{"drawMode":0,"name":"Shaded","section":"Shading Mode"},"sceneLighting":false,"audioPlay":false,"sceneViewState":{"m_AlwaysRefresh":false,"showFog":true,"showSkybox":false,"showFlares":true,"showImageEffects":true,"showParticleSystems":true,"showVisualEffectGraphs":true,"m_FxEnabled":true},"in2DMode":false,"pivot":{"x":3.844053030014038,"y":-2.2282955646514894,"z":-2.9939076900482179},"rotation":{"x":-0.22213095426559449,"y":0.29045790433883669,"z":-0.06951204687356949,"w":-0.9281800985336304},"size":6.4556169509887699,"orthographic":false}