{"cameraMode":{"drawMode":0,"name":"Shaded","section":"Shading Mode"},"sceneLighting":false,"audioPlay":false,"sceneViewState":{"m_AlwaysRefresh":false,"showFog":true,"showSkybox":false,"showFlares":true,"showImageEffects":true,"showParticleSystems":true,"showVisualEffectGraphs":true,"m_FxEnabled":true},"in2DMode":false,"pivot":{"x":6.795642852783203,"y":-0.02845609188079834,"z":7.366434097290039},"rotation":{"x":-0.09823963791131973,"y":0.003574672155082226,"z":-0.0003510722308419645,"w":-0.9951696991920471},"size":10.457474708557129,"orthographic":false}