{"cameraMode":{"drawMode":0,"name":"Shaded","section":"Shading Mode"},"sceneLighting":false,"audioPlay":false,"sceneViewState":{"m_AlwaysRefresh":false,"showFog":true,"showSkybox":false,"showFlares":true,"showImageEffects":true,"showParticleSystems":true,"showVisualEffectGraphs":true,"m_FxEnabled":true},"in2DMode":false,"pivot":{"x":7.5339202880859379,"y":1.9217476844787598,"z":-3.380364418029785},"rotation":{"x":-0.0035805306397378446,"y":0.954378068447113,"z":-0.2983640432357788,"w":-0.011452616192400456},"size":6.014626979827881,"orthographic":false}