{"cameraMode":{"drawMode":0,"name":"Shaded","section":"Shading Mode"},"sceneLighting":false,"audioPlay":false,"sceneViewState":{"m_AlwaysRefresh":false,"showFog":true,"showSkybox":false,"showFlares":true,"showImageEffects":true,"showParticleSystems":true,"showVisualEffectGraphs":true,"m_FxEnabled":true},"in2DMode":false,"pivot":{"x":-0.06863918155431748,"y":0.510827898979187,"z":-0.06369665265083313},"rotation":{"x":-0.001409085700288415,"y":0.9962146282196045,"z":-0.08538457751274109,"w":-0.016438568010926248},"size":1.8146259784698487,"orthographic":false}