{"cameraMode":{"drawMode":0,"name":"Shaded","section":"Shading Mode"},"sceneLighting":false,"audioPlay":false,"sceneViewState":{"m_AlwaysRefresh":false,"showFog":true,"showSkybox":false,"showFlares":true,"showImageEffects":true,"showParticleSystems":true,"showVisualEffectGraphs":true,"m_FxEnabled":true},"in2DMode":false,"pivot":{"x":-0.04322206974029541,"y":0.13992780447006226,"z":-0.11481260508298874},"rotation":{"x":-0.001409085700288415,"y":0.9962146282196045,"z":-0.08538457751274109,"w":-0.016438568010926248},"size":0.9439192414283752,"orthographic":false}