{"cameraMode":{"drawMode":0,"name":"Shaded","section":"Shading Mode"},"sceneLighting":false,"audioPlay":false,"sceneViewState":{"m_AlwaysRefresh":false,"showFog":true,"showSkybox":false,"showFlares":true,"showImageEffects":true,"showParticleSystems":true,"showVisualEffectGraphs":true,"m_FxEnabled":true},"in2DMode":false,"pivot":{"x":-0.000008463859558105469,"y":0.4117628037929535,"z":0.03666001558303833},"rotation":{"x":0.06885421276092529,"y":-0.9204918742179871,"z":0.3348569869995117,"w":0.18927393853664399},"size":0.6106502413749695,"orthographic":false}