{"cameraMode":{"drawMode":0,"name":"Shaded","section":"Shading Mode"},"sceneLighting":false,"audioPlay":false,"sceneViewState":{"m_AlwaysRefresh":false,"showFog":true,"showSkybox":false,"showFlares":true,"showImageEffects":true,"showParticleSystems":true,"showVisualEffectGraphs":true,"m_FxEnabled":true},"in2DMode":false,"pivot":{"x":-0.25263935327529909,"y":0.8032665252685547,"z":-1.0019001960754395},"rotation":{"x":-0.018698416650295259,"y":0.9808575510978699,"z":-0.12125886976718903,"w":-0.15125223994255067},"size":1.0257976055145264,"orthographic":false}